,Ticker
0,AAPL
1,BAC
2,AMZN
3,T
4,GOOG
5,MO
6,DAL
7,AA
8,AXP
9,DD
10,BABA
11,ABT
12,UA
13,AMAT
14,AMGN
15,AAL
16,AIG
17,ALL
18,ADBE
19,GOOGL
20,ACN
21,ABBV
22,MT
23,LLY
24,AGN
25,APA
26,ADP
27,APC
28,AKAM
29,NLY
30,ABX
31,ATVI
32,ADSK
33,ADM
34,WBA
35,ARNA
36,LUV
37,ACAD
38,PANW
39,AET
40,AEP
41,ALXN
43,AVGO
44,EA
45,DB
46,RAI
47,AEM
48,APD
49,AMBA
50,NVS
51,APOL
52,ANF
53,LULU
54,RAD
55,AGNC
56,JBLU
57,A
58,ORLY
59,AZO
61,AN
62,AZN
63,AES
64,GAS
65,BUD
66,ARR
67,BDX
68,AKS
69,AB
70,ACOR
71,CS
72,AFL
73,ADI
75,ACIW
76,AMP
77,AVP
78,AMTD
79,AEO
80,AWK
82,ALTR
83,ALK
84,PAA
85,ARCC
86,AAP
87,NAT
88,FAV
89,AIV
90,AGIO
91,AEE
92,UBS
93,ARLP
94,ANTM
95,AGU
96,AG
97,AFSI
98,ABC
99,STO
100,ATI
101,ADT
102,AVB
103,ATW
104,ALNY
105,LH
106,AVY
107,AUY
108,ASH
110,ARIA
112,AINV
113,ACXM
114,ACHN
115,ACET
116,ABMD
117,ABM
118,VA
119,LIFE
120,ATO
121,ARP
122,AON
123,ADXS
124,ADC
125,APU
126,SAVE
127,AV
128,AKRX
129,ADS
130,ABAX
131,AYI
134,AMT
135,ACM
136,DWA
137,ARW
138,ARI
140,AR
142,AMC
143,AL
144,AAN
145,WTR
146,FCAU
147,BAH
148,AVT
149,ALB
150,AIZ
151,SAIC
152,CAR
154,AU
155,ARO
156,APH
158,AI
160,WMC
161,JKHY
162,AVAV
163,AMKR
164,ALJ
165,ACH
167,AEIS
168,Y
169,MTGE
170,CENX
172,AMAG
173,ALKS
176,AAON
177,VRSK
178,VJET
179,OA
180,APTS
181,APO
182,ALSK
183,ALG
184,AHC
185,ACTG
186,ACAS
187,RBA
188,MAA
189,BAM
190,ATHN
191,AT
192,ASX
193,ARCO
194,ANET
195,AIR
196,AF
197,WAB
198,RS
199,PKG
201,AVHI
202,AVA
203,ARWR
204,ANGI
205,AMG
206,ALSN
207,ALGN
208,AGO
209,ROK
210,GLPI
211,DNI
212,AZZ
213,ARRS
214,ARMK
215,AOS
216,ANFI
217,AMID
218,AMCX
219,ALE
220,AHT
221,ACW
222,ABB
223,SPR
224,SEE
226,PAAS
227,DLPH
228,CBL
229,BBVA
230,AYR
231,APOG
232,ANDE
233,AMSC
234,AMRS
235,AMED
236,ALEX
237,ALCO
238,ADUS
239,ACTA
240,AAWW
241,WMS
242,PAG
243,MDRX
245,ETH
246,AZPN
247,AXE
248,AMH
249,AME
250,AJG
251,AHGP
252,AGCO
253,ACRE
254,WAL
256,SHLM
257,HTA
258,GIII
259,DAVE
261,AWAY
262,ATU
263,AREX
264,ARE
265,ANSS
266,AMNB
267,ALR
269,AIN
270,AHL
271,AGX
273,ADTN
274,ACLS
275,ABG
276,ZX
277,NXJ
278,KS
279,HOLI
280,GPI
282,BEAV
283,AXTA
284,AWR
285,AWI
286,AUO
287,ATHM
288,ATAX
289,AROC
290,ANH
291,ALX
293,AGI
294,AER
295,ODC
296,NAO
297,KAR
298,HIVE
299,FMS
300,DOX
301,CXW
302,AXS
303,AXL
304,AVID
305,ASNA
306,ASGN
307,ARAY
308,AMBC
309,ALGT
310,ALDW
311,AIT
312,AIRM
313,AIMC
314,AEL
315,ACHC
316,ACCO
318,TA
319,RPAI
320,MANH
321,LAMR
322,KYN
323,ATRO
324,ATNI
325,APEI
326,AP
327,ANIK
328,ANGO
331,AM
332,ALV
333,ALOG
334,AKR
335,AEGN
337,WRLD
338,UHAL
339,SAH
341,CAS
342,CACC
343,ATSG
345,ASB
346,AROW
347,ARCB
348,AMRK
349,ALRM
350,AHP
351,AFAM
352,ACSF
355,USAP
356,STFC
357,STAY
358,SEED
359,RGA
360,CEA
361,BREW
362,AXR
363,AVG
364,AVD
366,ATRI
367,ARC
369,AOSL
370,AOI
371,AMWD
372,ALLY
373,ACGL
374,ABR
375,ABCB
377,RAIL
379,MITT
380,LCM
381,HASI
382,GOL
383,GIL
385,ATR
386,ASR
387,ASC
388,ARTNA
389,AOD
391,ADRO
392,AAV
393,AAT
394,ZNH
395,UAM
396,NTT
397,NFJ
398,LNT
399,KALU
400,HOMB
401,HIX
402,FAF
403,FAC
404,BGR
405,BETR
406,ATV
407,ATLC
408,APLE
409,AMSWA
410,AMSF
411,ALLT
412,AGYS
413,AFG
414,WAIR
416,LND
418,ESD
419,CII
420,CHOP
421,CCD
424,AVNW
426,AMCN
427,ALLE
428,AJRD
429,AHH
430,AGM
431,AGII
434,TEO
436,OMAB
437,NOA
438,NCZ
439,MTT
441,HIO
442,GRR
443,ENL
444,CRMT
445,CRESY
446,CGA
447,CAF
448,ATRA
449,ATEN
450,ATEC
451,ARLZ
452,ARII
455,ANW
456,ANAT
459,ACRS
460,ACC
461,ABDC
462,REX
463,PAC
464,NNA
465,IGD
466,GABC
469,BTI
470,AWF
471,AVX
472,ASFI
473,ASCMA
474,ARES
476,AMRC
479,AAC
482,TEAM
483,NEA
485,JEQ
486,IGA
487,IDE
488,GBAB
489,FWP
490,EVTC
491,CHY
492,BTZ
493,AWP
494,ATE
495,APLP
496,APF
497,APB
498,AMRB
499,AMBR
501,AGRO
503,ADX
504,ADAP
505,ACTS
508,PRTS
509,PEO
510,NCV
511,NBB
514,MHF
515,HYB
516,GAM
517,EOD
518,CBA
519,BRKS
520,AVK
521,ASYS
522,ASA
523,AMPH
525,AGR
526,AGD
528,AFA
531,ABUS
533,RYAM
534,NAC
535,MGR
536,HYI
537,FWRD
538,FEI
539,AXON
541,AVAL
542,APAM
543,AGFS
546,ACV
547,ACG
548,ACBI
551,SGF
553,OMAM
554,NSA
555,NKG
556,NAD
558,MPAA
559,LDP
560,JRI
561,JAX
562,GGM
563,DMO
564,DEX
565,AXTI
566,AVXS
568,ASTE
569,ASND
570,ARL
571,AKP
573,AFB
575,WIW
576,PSF
577,NAZ
578,MNP
579,MMU
580,JTA
581,IPCC
582,IAE
583,GCP
584,FTAI
586,FGB
587,EMD
588,EAA
589,CHI
590,CEE
591,BUI
593,AJX
596,ACP
598,USA
599,PHX
600,KYE
601,JCE
604,IGI
605,GRO
606,GER
607,EGIF
608,BTA
609,BRSS
611,ARUN
615,AIMT
616,AIF
618,AAAP
619,WIA
620,WEA
621,SCD
623,PZE
624,PAI
625,NORD
627,NKX
630,MAV
631,LDF
632,JPI
635,GGZ
636,GCH
637,EXD
638,EHI
640,DRA
641,DFP
642,DDF
643,CVB
644,BGY
646,ASG
647,ARU
650,AC
651,TPZ
652,NZF
653,NVG
654,NUW
655,NIE
657,KED
659,ASPN
669,JDD
672,GFY
678,NBD
679,LGI
680,JMLP
681,GDO
682,GCV
686,KMF
688,BST
692,NRK
694,NAN
700,AMBCW
704,AFT
705,BA
706,IBM
707,BP
708,BAX
710,BIDU
712,BBY
713,BX
714,BSX
715,BIIB
716,BMY
717,BBBY
718,USB
720,BLK
721,YUM
722,BTU
723,MNST
724,BK
725,FITB
726,ZBH
727,PBR
728,BHP
729,BEN
730,LB
731,BMO
732,BBT
733,BPT
734,BKS
735,HRB
736,BWLD
738,STI
740,TAP
741,CNBKA
742,CBRL
743,BITA
744,BCS
745,TD
746,MTB
747,BXP
748,BMRN
749,RY
750,BCR
751,HBAN
752,BCE
753,SWK
754,PDLI
755,DSU
757,B
758,BGCP
759,BWA
760,BLL
761,TOL
762,SAM
763,EGLE
764,BOX
765,BC
766,PBI
767,CBB
768,BKE
769,BGS
770,BCEI
771,BBG
772,PACB
773,CM
774,BKCC
775,BBL
777,TUP
778,SB
779,BKMU
780,BG
781,DNKN
782,BRS
783,BPOP
784,BGC
785,RBS
786,PBYI
787,NCS
788,BBD
789,SAN
790,EBS
791,BPL
792,BOBE
793,BLUE
794,STL
795,NILE
796,ICON
797,FIBK
798,EWBC
799,EAT
800,CFR
801,BNS
802,BMS
803,BCRX
804,BCPC
805,BAS
806,WBK
807,SBGI
808,BRKR
809,BOKF
810,BKD
811,BIO
812,WRB
813,VLY
814,VIVO
815,ONB
817,COKE
818,CBI
821,BJRI
822,BCOR
823,UBSH
824,TCBI
826,SGMO
827,RRGB
828,LCUT
830,IBN
831,FFBC
832,DNB
833,BZUN
834,BIP
835,BHE
836,BGFV
838,SASR
839,NXST
840,CBK
841,BYD
842,BR
843,BMI
844,BIG
845,BDC
846,BCO
848,BAK
849,ZION
850,VRA
851,SFBS
852,SBNY
853,RATE
854,PBH
855,JBSS
856,JACK
857,BZH
858,BV
859,BSBR
860,BRC
861,BBOX
862,TECH
863,SPB
864,NRIM
866,LYG
867,IBKR
868,BTE
869,BPI
871,TLRD
872,NYCB
873,NBIX
874,NBHC
875,FMBI
876,FIVE
878,CNOB
879,CALA
880,BXS
881,BOH
882,BKU
883,BKH
884,BH
885,BFAM
886,BDN
887,SBLK
888,SBCF
889,ROLL
890,PSB
891,PB
892,HTBI
893,GBDC
894,FIZZ
895,FFKT
896,FCNCA
897,BXE
898,BWXT
899,BMTC
900,BLKB
901,BBSI
902,BABY
903,WF
904,OZRK
905,JBT
907,HDB
908,FBP
909,FBHS
910,COB
911,CBSH
912,BWP
913,BUSE
914,BURL
915,BRO
916,BRKL
917,BONT
918,BOJA
919,BGG
920,BEAT
921,BCC
922,BANC
924,WASH
925,WABC
926,UCBI
927,PPBI
928,NBTB
930,INBK
931,IBP
932,EBR
933,CSFL
934,CSBK
935,CIB
936,CBU
937,CATY
939,BORN
940,BOFI
942,BLMN
943,BBRG
944,WIFI
946,SJT
947,SBS
948,NX
949,LOB
950,IBCP
951,GWB
953,FARM
954,EBSB
955,CUDA
956,CCBG
958,CBF
959,CBD
960,BXMT
961,BSL
962,BIND
963,BIN
964,BFS
965,BFR
967,BERY
968,BELFB
969,BBN
970,UBNK
971,TRST
972,TOWN
973,TBNK
975,SBH
976,NWBI
977,NFBK
978,MNRO
979,LBAI
980,GBT
981,FBNK
982,ETV
983,CBPO
984,BSRR
985,BSFT
986,BRX
987,BPFH
988,BONA
989,BLX
990,BLDR
991,BIOS
992,BIF
993,BHLB
994,BDGE
996,BCOM
997,BANF
998,TRIB
999,SVA
1000,SALT
1001,RBC
1002,QSR
1003,PFBC
1004,PBT
1005,IBOC
1006,HYT
1007,GSBC
1009,BRT
1010,BRFS
1012,BHL
1013,BBW
1014,BBDO
1015,STBA
1016,SBSI
1017,PLAY
1018,OSBC
1019,LBRDA
1021,ISBC
1022,FNLC
1023,FBC
1024,BSET
1025,BOOT
1026,BOOM
1027,BHBK
1028,BGT
1029,BCOV
1030,BANR
1031,UBA
1032,TCBK
1033,SHBI
1034,OFG
1036,MUH
1037,MFT
1038,MBWM
1039,INF
1040,INDB
1042,GBCI
1044,FRC
1045,FBIZ
1046,EPAY
1047,ENZ
1048,BXC
1050,BT
1052,BOE
1053,BNY
1054,BLW
1055,BKT
1056,BID
1057,BCX
1060,TBBK
1062,RCKY
1064,MYD
1065,MUC
1066,MCBC
1067,GBNK
1068,ETW
1070,DCOM
1071,BUFF
1073,BOTA
1074,BNJ
1075,BMA
1076,BKK
1077,BCRH
1079,BANX
1080,UBSI
1082,TBK
1083,SNBC
1084,RBCAA
1085,MYJ
1086,MRLN
1087,MQT
1088,INB
1090,HAWK
1091,FFIN
1092,COLB
1093,BTT
1096,BME
1099,BBCN
1100,VIV
1101,PWOD
1102,PMBC
1103,PACW
1104,NGVC
1105,MHN
1106,MHD
1108,ESSA
1111,CUBI
1112,BYM
1113,BXMX
1114,BWG
1115,BW
1116,BTO
1117,BPMC
1118,BLD
1120,BIOA
1121,BHK
1122,BFO
1123,BDJ
1125,BALT
1126,VBF
1128,RVSB
1129,PEBO
1130,MYN
1131,MUI
1132,MSL
1133,MFL
1134,MCI
1135,HWBK
1136,HBCP
1137,GNBC
1138,FCBC
1139,EBTC
1140,DMB
1141,CBPX
1143,BPY
1145,BNED
1146,BKN
1148,BFZ
1149,BFIN
1150,BECN
1152,WTBA
1154,SYBT
1155,MVT
1156,MUA
1157,METR
1159,EGF
1161,BSE
1162,BQH
1163,BPFHW
1165,BLH
1166,BGNE
1167,BEP
1168,BELFA
1169,BEL
1170,BAF
1171,TPVG
1174,MYI
1175,MUJ
1176,MNE
1177,MIY
1178,MCA
1179,LBRDK
1180,HHY
1181,HBNC
1182,GSBD
1183,FITBI
1184,FBNC
1185,DUC
1186,CO
1187,BOI
1188,BJZ
1189,BFK
1191,TCBIW
1194,MYC
1195,MUE
1196,MPV
1197,MEN
1199,ETB
1201,BSD
1203,BIT
1204,BGX
1206,BBF
1208,OPB
1209,MQY
1210,MFCB
1211,FFBCW
1212,CATYW
1213,BGH
1214,BBK
1215,ZIONZ
1216,ZIONW
1218,SBBP
1221,MYF
1222,MPA
1224,FRA
1225,EQBK
1226,CTBI
1227,BPK
1231,BGB
1235,DSM
1255,PCL
1256,F
1257,GE
1258,XON
1259,MSFT
1260,XOM
1261,INTC
1262,VZ
1263,C
1264,DIS
1265,KO
1266,JPM
1267,CSCO
1268,PG
1269,WFC
1270,GM
1271,MCD
1272,CMCSA
1273,S
1274,CAT
1275,TGT
1276,CVX
1277,SBUX
1278,CHK
1279,MRK
1280,CMG
1281,UTX
1282,ORCL
1283,MMM
1284,COP
1285,EMC
1286,DE
1287,UNP
1288,CRM
1289,COST
1290,LOW
1291,CVS
1292,LMT
1293,SO
1294,HAL
1295,JCP
1296,EMR
1297,ED
1298,CATM
1299,X
1300,DOW
1302,NVDA
1303,FDX
1304,CL
1305,SNE
1306,TM
1307,STT
1308,MOS
1309,TRV
1310,KMB
1311,FTR
1312,CELG
1314,GD
1316,MON
1317,EXC
1318,DUK
1319,UAL
1320,NOK
1321,KSS
1322,MRO
1323,HPE
1324,ETFC
1325,RTN
1326,VLO
1327,SYMC
1328,DVN
1329,DISH
1330,CERN
1331,STX
1332,ESRX
1333,OXY
1334,CSX
1335,MPC
1336,CTSH
1337,KR
1338,LVS
1339,LRCX
1340,CBS
1341,WY
1342,WHR
1343,CA
1344,SHLD
1345,FAST
1347,O
1348,IP
1349,PPL
1350,MCO
1351,GME
1352,CTL
1353,HMC
1354,EL
1355,DDD
1356,COF
1357,POT
1358,GLW
1359,CF
1360,NEM
1361,WDC
1362,GT
1363,KLAC
1364,XRX
1365,DANG
1366,CB
1367,CALM
1368,SHW
1369,RF
1370,NOC
1371,JCI
1372,CTXS
1373,CLX
1374,WMB
1376,CAH
1377,NSC
1379,SYY
1380,CME
1381,CIEN
1382,CHKP
1383,VFC
1384,SCCO
1385,K
1386,HRL
1387,CSIQ
1388,GERN
1389,SYK
1390,RRC
1391,CPB
1393,DG
1394,SSW
1395,CSII
1396,SINA
1397,FOXA
1398,CMI
1399,CCL
1400,MKC
1401,KHC
1402,NYT
1403,EW
1404,CI
1405,CAG
1406,WB
1407,VMC
1408,NWSA
1409,COH
1410,CLF
1411,NUE
1412,CHRW
1413,RL
1414,MCK
1415,LEN
1416,KKR
1417,HAIN
1418,DOV
1419,CTRP
1420,CNX
1421,CLDX
1422,CINF
1423,NCR
1424,HL
1425,NFX
1426,MNK
1427,LCI
1428,KMX
1429,HES
1430,TJX
1431,SE
1432,HUN
1433,HSY
1434,ETN
1436,NE
1437,L
1438,DHR
1439,CIM
1440,CSC
1441,CROX
1442,CHTR
1443,YGE
1444,WU
1446,PXD
1447,NAV
1448,EMN
1449,CAB
1450,THC
1452,PH
1453,CREE
1454,TSM
1455,TIF
1456,TECD
1457,SWN
1458,SLM
1459,RGR
1461,GBX
1462,WLL
1463,TSCO
1464,SPTN
1466,LNC
1467,CLR
1468,CAM
1469,SPWR
1470,SCHW
1471,FE
1472,ETR
1473,CX
1474,CLMT
1477,XEC
1478,SANM
1479,NRF
1480,MUR
1481,MMC
1482,FLR
1483,CZR
1484,TEG
1485,SIX
1486,PVH
1487,PCG
1488,MDP
1489,H
1490,GPC
1491,FUN
1492,DTE
1493,DF
1494,CY
1495,CP
1496,CONN
1497,CNI
1498,WEN
1499,RRD
1500,PRGO
1501,MNR
1502,GCI
1503,COG
1504,CMO
1505,CCI
1506,WPC
1507,TRP
1508,TDC
1509,RDC
1510,PSEC
1511,OC
1512,MFC
1513,INCY
1514,CEO
1516,SGY
1517,RCL
1518,ERF
1519,COO
1520,CNQ
1521,TNH
1522,SNP
1523,OAK
1524,MAS
1525,LUK
1526,LLL
1527,ITC
1528,IMAX
1529,FMC
1530,DCI
1531,CTAS
1532,CCJ
1534,TRGP
1535,PGR
1536,NRZ
1537,EQT
1538,CC
1540,WAT
1541,UPL
1542,TRI
1543,TLN
1544,SONC
1545,SCG
1547,PGH
1548,MAIN
1549,GNTX
1550,CVRR
1551,CRUS
1553,UIS
1554,TMK
1556,SJM
1557,PPC
1558,EGO
1559,EGN
1560,CYOU
1561,CSGS
1562,COLM
1563,CMS
1564,CHU
1566,XONE
1567,WYN
1568,OCN
1569,MSM
1571,HK
1572,CYBR
1573,CXO
1574,CR
1575,CNP
1576,CDE
1577,CBG
1578,CACI
1579,XIN
1580,ULTA
1581,SN
1582,SF
1583,NWE
1584,NFG
1585,MOD
1586,IVR
1587,HRS
1588,HMY
1589,FLS
1590,CRC
1591,CPLA
1592,CPK
1593,COL
1594,CE
1595,VVC
1596,TEL
1597,SNX
1598,SJW
1599,PDCO
1600,MCY
1602,JKS
1603,JAZZ
1604,HFC
1606,CLVS
1607,CHL
1608,CCIH
1609,CBOE
1610,USG
1611,TWO
1612,TRNO
1613,TMST
1614,SNV
1615,OSK
1616,OLN
1617,OLED
1618,NPTN
1619,MTW
1620,MTRN
1621,MENT
1622,KGC
1623,IAG
1624,FHN
1625,EV
1626,ECA
1627,DEST
1628,DECK
1629,CYH
1630,CNC
1631,CFX
1632,CBM
1633,CASY
1634,TK
1635,STR
1636,SSP
1637,SM
1638,NUAN
1639,MTSC
1640,MTG
1641,MSCC
1643,MAC
1644,IO
1645,FSC
1646,EVC
1647,ERIE
1648,CVC
1649,CRK
1650,CMC
1651,CLNE
1652,CCE
1653,VG
1654,UTHR
1655,TU
1656,MSG
1657,MKL
1659,KSU
1660,KRC
1661,KIM
1662,KATE
1663,ITT
1665,INFN
1666,HNI
1668,DDR
1669,CUK
1670,CPLP
1671,CNO
1672,CNL
1673,CEQP
1674,ZBRA
1675,UTSI
1676,SIMO
1677,SBAC
1678,OFC
1679,NEOG
1680,NCT
1681,NAVI
1682,MIC
1683,LKQ
1684,LGF
1685,LANC
1687,GIB
1689,CSV
1690,CSL
1691,CRR
1692,CMA
1694,CHS
1695,CHD
1696,CDW
1697,TCAP
1698,SCVL
1700,RGS
1701,QTM
1702,PCI
1703,PCH
1704,NWN
1705,NTRS
1707,MASI
1709,LC
1710,JASO
1711,ISLE
1712,IPG
1713,IMN
1714,GTY
1715,EXK
1716,ESL
1717,ELY
1718,DRE
1719,DEL
1720,CSGP
1721,CPE
1722,COR
1723,CNK
1724,CLGX
1725,CG
1726,CAKE
1727,TG
1728,SNC
1729,SCI
1730,SCHL
1731,SC
1732,PTR
1733,PRTA
1734,PRGS
1735,PNW
1736,ORIT
1737,OGE
1738,NWS
1739,MIK
1740,LSCC
1741,LEA
1742,IRBT
1743,HTGC
1744,HSC
1745,FOX
1746,DISCA
1747,CUB
1748,CMP
1749,CAMP
1750,XCRA
1751,USM
1752,UFS
1753,SXT
1754,SON
1755,SBRA
1756,RXN
1759,PRSC
1760,PAR
1761,OTEX
1762,NCLH
1763,KODK
1764,JOE
1765,JBL
1766,IPHI
1767,HFWA
1768,HBHC
1770,FUL
1771,FLDM
1772,EMMS
1773,EE
1774,CYS
1775,CVI
1776,CVG
1777,CTB
1778,CRI
1779,CRH
1780,CRAY
1781,CPA
1782,COHU
1783,CHH
1784,CEB
1785,VC
1786,UVV
1787,UTL
1788,UNF
1789,UMPQ
1790,TPC
1791,SKT
1792,SEM
1793,RPXC
1794,PJC
1795,ORC
1796,NDSN
1797,NCI
1798,MX
1800,JAH
1801,ICA
1802,GRA
1803,GEOS
1804,FSIC
1805,FCN
1807,ECPG
1808,DLX
1811,CVEO
1813,COT
1814,CLI
1815,CHSP
1816,CHE
1817,CGI
1818,CCU
1819,CCK
1820,CCC
1821,CBT
1822,CALX
1823,CAFD
1824,CAC
1825,VICR
1826,UNT
1827,TEX
1828,SMG
1830,SEMG
1831,SATS
1832,RSYS
1833,RECN
1834,RCI
1835,POOL
1836,NEU
1837,MEOH
1838,MCC
1839,LOPE
1840,LNN
1841,LINC
1842,IBKC
1843,GPOR
1844,FSTR
1845,EVER
1846,DMRC
1849,CNS
1851,CLDT
1852,CLD
1855,CDK
1856,CBR
1857,CASH
1858,WLK
1859,VOXX
1860,VAL
1861,VAC
1862,UGI
1863,UAN
1864,TTC
1865,TAXI
1866,SWC
1867,SUI
1868,SSD
1869,SPA
1870,SID
1871,RM
1872,REG
1873,PNNT
1874,ON
1875,NVRO
1877,MTH
1878,MDCO
1879,MANT
1880,LPL
1881,LMNX
1882,IXYS
1884,HRZN
1885,HMSY
1886,GHM
1887,GHL
1888,GHC
1889,FNSR
1890,DISCK
1892,CTRN
1894,CRZO
1895,CRTO
1897,CPG
1898,COWN
1899,COMM
1901,CIG
1902,CHGG
1903,CCNE
1904,CAVM
1905,CAI
1906,VCRA
1908,TRMK
1909,TESO
1910,STOR
1911,SQM
1912,SMCI
1913,SLG
1915,SJR
1916,SCL
1917,RSO
1918,ROIC
1919,PTY
1920,PRIM
1921,PODD
1922,ORI
1923,NJR
1924,NATI
1925,MNI
1927,LFC
1928,KN
1929,ISCA
1930,INT
1931,INAP
1932,HWCC
1933,HMN
1934,GRC
1935,FTD
1938,EPE
1939,CZZ
1940,CYTK
1942,CWT
1943,CWCO
1944,CW
1945,CVT
1946,CVGW
1947,CVA
1948,CTRE
1949,CSOD
1951,CMCO
1952,CLH
1953,CLC
1954,CFMS
1955,CEL
1956,CDNS
1957,CCP
1958,CBZ
1959,CAJ
1960,CAE
1962,WBS
1964,TKR
1967,RLI
1968,RLGY
1969,REN
1970,PLCE
1971,PCTY
1973,PBA
1974,PAH
1975,ONDK
1976,NDLS
1977,LADR
1978,KEYW
1979,IPGP
1980,IEX
1981,IDT
1982,HOFT
1983,HAFC
1984,GNCMA
1985,GFF
1986,FOE
1987,FIX
1988,FICO
1989,EFSC
1990,DAN
1991,CVLT
1992,CVBF
1993,CRT
1994,CRS
1995,CRL
1996,CNSL
1998,CIVI
1999,CIT
2000,CIE
2001,CHKR
2002,CHKE
2003,CETV
2004,CECO
2005,CCRN
2006,CASS
2007,WLKP
2009,VRTV
2010,UCTT
2011,TRS
2012,THOR
2013,THFF
2014,TFSL
2015,STRL
2016,SNHY
2017,SGM
2018,RLH
2019,PRSS
2020,PKE
2021,PKD
2022,OZM
2023,NWPX
2025,MVC
2026,MTDR
2027,MATW
2029,KAMN
2031,IX
2032,IRDM
2034,IMMR
2035,IHC
2036,GLRE
2037,GDOT
2038,FSS
2039,FNB
2040,FELE
2041,FDUS
2043,ECOM
2044,CVE
2045,CSLT
2046,CPT
2047,CPRT
2048,CPF
2049,CMTL
2051,CFG
2052,CDR
2053,CDI
2054,CCXI
2055,CCOI
2056,WNC
2057,WLT
2058,WDFC
2059,VNCE
2060,TY
2061,TW
2062,TICC
2063,STC
2064,SP
2066,SHEN
2067,SGMS
2068,RNST
2069,RNP
2070,PRA
2072,PHH
2073,PFGC
2074,OTTR
2075,MTRX
2076,MLP
2077,MCS
2078,LPX
2079,IVC
2080,IMOS
2081,ICLR
2082,HXL
2083,HMHC
2084,HHC
2085,HEI
2086,GOOD
2087,FULT
2088,FRME
2089,FNV
2092,FCF
2093,EQC
2094,EHIC
2095,DRH
2096,CVGI
2097,CSTE
2098,CPN
2099,CNMD
2101,CHMI
2102,CHEF
2103,CHDN
2104,CHCO
2105,CGNX
2106,CATO
2107,WRK
2108,WCN
2109,VSEC
2110,UMC
2111,UMBF
2112,TCO
2113,TAC
2114,SXI
2115,SRC
2116,SQNS
2117,SPIL
2119,QUMU
2120,QDEL
2122,POL
2123,PES
2125,NCMI
2126,MC
2127,KT
2128,KEX
2129,HTHT
2130,GLT
2131,GCAP
2133,FF
2134,FCFS
2135,FBR
2136,EPC
2137,EDN
2138,EDE
2139,DX
2140,DQ
2141,DCIX
2142,CWST
2143,CVTI
2144,CTWS
2147,CSU
2148,CRAI
2149,CLS
2150,CKP
2151,CIO
2152,CIA
2153,CHMA
2154,CGO
2155,CCO
2156,USAC
2157,TREX
2158,TRC
2160,TCRD
2161,TCPC
2162,TCB
2163,SWX
2165,SRCE
2166,SHI
2167,SABR
2169,PMTS
2170,PLXS
2171,PLPC
2172,PGC
2173,OPHT
2174,OCFC
2176,MY
2177,MBTF
2178,LNDC
2179,LKFN
2180,KYO
2181,KOPN
2182,KEM
2183,IART
2184,GPX
2185,FRAN
2186,FC
2189,CUZ
2190,CRY
2191,CRNT
2193,COHR
2196,CHA
2197,CFFN
2198,ZIXI
2199,YORW
2200,VRTU
2201,SPXC
2202,SOR
2203,SMTC
2204,SLRC
2205,SAR
2206,RGEN
2207,NMFC
2208,NJ
2209,MIDD
2211,KMPR
2212,IGR
2213,HURC
2214,GVA
2215,GTS
2216,GAIN
2217,FDC
2218,FCPT
2220,ECR
2222,CUBE
2223,CTRL
2224,CSS
2226,CPSI
2227,CPS
2228,CORR
2229,CNHI
2230,CNA
2231,CMRE
2233,CIR
2234,CHT
2235,CHMG
2236,CHFC
2237,CELP
2238,CCM
2239,CAL
2241,XNY
2243,WSFS
2244,WIRE
2246,VVI
2247,UCFC
2248,TRCO
2249,SPSC
2250,SMI
2251,SFN
2252,POR
2253,PFD
2254,PDS
2255,PBPB
2256,NWY
2257,NRCIB
2258,NHF
2260,MSEX
2261,MPX
2262,MCRI
2263,LORL
2264,LION
2265,LAYN
2266,KZ
2267,HQCL
2268,GLAD
2269,GKOS
2273,ETM
2274,ELON
2275,DBL
2276,CXRX
2277,CUTR
2278,CSRA
2279,CRCM
2280,CONE
2281,COBZ
2283,CLW
2284,CKH
2285,CHUY
2286,CHN
2287,CECE
2288,CDXS
2289,UTF
2290,TUES
2291,TCS
2292,SFNC
2293,SEIC
2294,RENT
2296,PFMT
2297,HVT
2299,HTBK
2301,GPK
2303,FOGO
2304,FDEF
2305,ELP
2306,DAC
2307,CXE
2308,CTT
2309,CTS
2310,CTG
2312,CRVL
2313,CPTA
2314,COLL
2316,CMCM
2318,CEVA
2319,CENT
2320,CCS
2321,CCMP
2322,ZEP
2323,UVSP
2325,TAST
2326,SUNS
2327,SSB
2328,RYI
2329,ROYT
2334,PKOH
2335,PFIS
2337,OME
2338,NRE
2339,NEFF
2340,NATL
2341,MCN
2343,LITB
2344,KRNY
2345,ITRN
2346,INFA
2348,GLDD
2349,GARS
2350,FFIC
2351,DWSN
2352,CVCO
2354,CTX
2355,CSWC
2356,CPIX
2358,COTY
2360,CFFI
2361,WAC
2362,STLY
2363,SCX
2366,PRTY
2367,PHI
2368,PFLT
2369,OXLC
2370,OFS
2371,NRCIA
2372,NEWP
2373,NCB
2374,MCRN
2376,KMG
2377,JSD
2378,JRJC
2379,JOF
2380,JJSF
2381,ICL
2382,HZN
2383,HCCI
2384,HAE
2385,GUA
2387,FUNC
2388,FSV
2389,FOXF
2390,EXTN
2392,DOOR
2393,DL
2395,CTHR
2397,CSQ
2401,CODI
2402,CMFN
2404,CENTA
2405,CEM
2407,CAA
2408,WTFC
2409,WLTW
2410,VTA
2411,TMHC
2412,TGA
2416,SENEA
2417,ROG
2418,RFI
2421,PFO
2422,NNC
2423,NCOM
2425,MRCC
2427,LMNR
2428,LABL
2431,JQC
2432,ITIC
2434,ICD
2435,GTLS
2437,DEG
2438,HD
2440,DLTR
2441,D
2442,DPS
2443,DRI
2444,XRAY
2447,DHI
2448,DGX
2449,DFS
2450,ODP
2451,DLR
2452,DPZ
2453,DNR
2454,DMD
2455,DDS
2456,DHG
2457,DEO
2458,DSW
2459,DO
2460,DBD
2462,DY
2464,DKS
2465,DXCM
2466,DATE
2467,DATA
2468,DVA
2469,DV
2472,DRQ
2473,DNP
2474,DGI
2475,DSX
2477,DST
2479,DLB
2480,ODFL
2481,IDTI
2482,DW
2483,DK
2484,DHT
2485,DAKT
2486,KTOS
2488,FANG
2489,DYN
2490,DMLP
2491,DCO
2492,DOC
2493,DEPO
2496,WD
2497,STLD
2498,DHX
2499,DGII
2500,DGICA
2501,DAR
2502,SIRO
2503,SIGM
2504,KST
2505,FPF
2506,DORM
2507,DLNG
2508,DIN
2509,TGS
2510,RDY
2511,LPG
2513,DM
2514,DCT
2515,DCM
2516,DXPE
2517,PLOW
2518,PDI
2519,KRNT
2520,FDP
2521,DTF
2522,DIOD
2523,DFRG
2525,DRNA
2526,DERM
2527,TWIN
2529,TDS
2531,LEO
2532,GDV
2533,ETG
2535,DSPG
2536,DSGX
2538,HTD
2539,DXLG
2540,DLTH
2541,QQQX
2542,DVD
2544,DKL
2545,EXG
2546,DSL
2547,DNOW
2548,DEA
2549,DPLO
2551,DHIL
2554,MFD
2555,KTF
2556,KMM
2557,IHD
2558,EDD
2559,DHF
2560,DEI
2564,PDT
2565,MZF
2566,MDM
2567,DPG
2568,DISCB
2569,DDE
2570,DBVT
2572,JTD
2574,GHY
2575,EVT
2576,DHXM
2577,NIQ
2578,MMD
2579,LOR
2580,ETY
2581,ETO
2587,CHW
2588,TDI
2589,TDF
2591,NID
2592,IID
2593,EVG
2594,FDI
2595,FDEU
2596,DSE
2597,DIAX
2599,MSD
2606,SPXX
2608,ISD
2615,KSM
2623,YERR
2671,EBAY
2672,EVA
2673,RIT
2674,ELLI
2675,EPD
2676,ETP
2677,LINE
2678,EXPE
2679,NEE
2680,EOG
2681,EXPD
2682,NTI
2683,SU
2684,ETE
2685,NRG
2686,ICE
2687,WEC
2688,EXEL
2689,ENDP
2690,PEG
2691,EQR
2692,XEL
2693,EIX
2694,ESV
2695,SRE
2696,NBL
2697,EQIX
2698,EGHT
2699,ESI
2700,TE
2701,NUS
2702,PBF
2703,EDU
2704,SEP
2705,GXP
2707,EJ
2708,MCEP
2709,WR
2710,NS
2711,HLX
2712,EFX
2713,ECL
2714,UEIC
2715,MGEE
2716,IEP
2717,HOV
2718,ES
2719,ERIC
2720,ENB
2721,ECHO
2722,WWE
2723,WPX
2724,RE
2725,LF
2726,EXR
2727,EVEP
2728,SXE
2729,PNK
2730,KEG
2731,GNE
2732,ENR
2733,EC
2734,EPAM
2735,PQ
2736,PE
2737,ENV
2738,ENLK
2739,EFC
2741,STRA
2742,JEC
2743,GAB
2744,ERII
2745,ECYT
2746,E
2747,SXC
2749,ENSG
2750,ELGX
2751,WRE
2752,RICE
2753,NPO
2754,NGL
2755,GEL
2756,ENS
2758,EME
2759,EEP
2760,EBIX
2761,SEAS
2762,HE
2763,EXP
2764,EQM
2765,ENLC
2766,ENH
2767,EMES
2768,SPN
2769,RGC
2770,LOCO
2771,EXTR
2772,EGL
2773,LYV
2774,KOS
2775,EXPO
2776,ESS
2777,ESGR
2778,EPR
2779,EFII
2780,REGI
2781,PEI
2782,NDRO
2783,EIGI
2784,ECOL
2785,VOC
2786,VLP
2787,TEP
2788,PTEN
2789,PETS
2790,EVR
2791,EVLV
2792,ERJ
2793,ENTA
2794,EIG
2796,TNP
2797,SXCP
2798,PEGI
2799,MEI
2800,LECO
2801,JE
2802,FNGN
2803,EZPW
2804,EXPR
2805,EXLS
2806,ESLT
2807,ERA
2809,EGOV
2810,PERY
2811,PDCE
2812,HEP
2813,FET
2814,EXFO
2815,EGY
2816,WERN
2817,TTP
2819,EXAC
2820,ESE
2822,ENBL
2824,EEQ
2825,EEFT
2826,SPKE
2827,PLUS
2828,NSIT
2830,ESTE
2831,EROS
2832,EHTH
2833,EBF
2834,EARN
2836,VNOM
2837,PAM
2838,NRT
2839,LEE
2840,HEQ
2841,EVHC
2844,ECT
2845,UE
2846,TEGP
2847,MGIC
2848,LONG
2849,JONE
2850,IRET
2851,EXAM
2852,ETSY
2853,ESRT
2854,EQS
2855,EQGP
2856,ENTG
2857,EMCI
2858,ELS
2859,EDI
2860,XUE
2861,SYKE
2862,RELL
2863,PGZ
2864,NEP
2865,MUS
2867,HEES
2869,ENVA
2870,ELA
2871,VET
2872,MXE
2874,FPL
2876,ESND
2877,EPZM
2878,ENVI
2879,EMF
2880,EDR
2881,RUSHA
2882,IRR
2883,FIF
2885,EVH
2886,EGP
2887,EFT
2888,WGP
2889,JMF
2890,GI
2891,FEO
2892,FELP
2893,ESIO
2894,EOT
2895,EOI
2896,EDIT
2897,TEI
2899,MSF
2900,JRS
2901,HTLD
2903,EVRI
2904,ETX
2905,EOS
2908,EDGE
2909,TYG
2910,SPI
2911,NDP
2912,MIE
2913,KEF
2915,HIE
2917,FFA
2918,EVF
2919,EURN
2920,ESNT
2923,EFR
2925,EFF
2926,EEA
2927,RUSHB
2929,KE
2930,GPM
2931,EVN
2933,ENZY
2934,EMO
2936,ECC
2937,CTR
2941,SRF
2942,EMQ
2943,EDF
2950,NEV
2955,ELB
2966,FB
2967,FCX
2968,FSLR
2970,FIT
2971,PRU
2972,FFIV
2973,FISV
2974,FL
2975,FLEX
2976,FEYE
2977,FIS
2978,PNC
2979,TSN
2980,PFG
2981,KFS
2982,FTNT
2983,TMO
2984,FTI
2985,MFA
2986,FRO
2987,FLIR
2988,FLWS
2989,WDR
2990,PBCT
2991,GNW
2992,FOSL
2994,UFCS
2995,SYF
2996,SIVB
2997,SFM
2998,UFPI
2999,UNFI
3000,FLO
3001,IFF
3002,FTK
3003,FCS
3004,FARO
3006,SLF
3007,PHK
3009,FRT
3010,FII
3011,SVVC
3012,PF
3013,KB
3015,FIG
3016,FDS
3017,LPLA
3018,HIG
3020,SFL
3021,RJF
3022,FUEL
3023,FN
3025,FLT
3026,FGP
3027,SFS
3028,RAS
3030,RACE
3031,KCAP
3032,GIFI
3033,FRGI
3034,FR
3035,FT
3036,FMI
3037,FLY
3038,FISI
3039,VOYA
3040,THS
3041,MBFI
3042,FORM
3043,FOR
3044,FNF
3045,FINL
3046,FFNW
3047,FFG
3048,ZF
3049,WSBF
3050,SAFM
3051,PFS
3052,MTU
3053,MSFG
3054,MFS
3055,GSM
3057,FRED
3058,FORR
3059,ZTR
3061,VIRT
3062,NEWS
3063,FUR
3065,TTF
3066,SMFG
3068,NATH
3069,INTL
3070,FPRX
3071,FI
3073,PCF
3074,NMZ
3075,NICK
3076,MOFG
3077,IFN
3078,GDL
3079,FRSH
3080,WAFD
3081,SNAK
3082,MFG
3083,JPS
3084,HTY
3086,SPE
3087,RCS
3088,PROV
3089,PLNT
3090,PKO
3091,PFSI
3093,LTXB
3095,HTLF
3096,HPI
3097,GMZ
3098,FTEK
3099,FORTY
3100,TSI
3102,NPV
3104,NMT
3105,MXF
3106,MSP
3107,KF
3108,JFR
3109,FSM
3111,FGEN
3112,SWZ
3114,PNFP
3115,PGP
3116,NUO
3117,NQP
3119,MGU
3121,JTP
3122,IVH
3123,GOF
3124,FPI
3125,FMO
3126,FLXS
3127,FENG
3130,PFL
3131,NMY
3132,IRL
3135,FUND
3136,FSD
3139,VTN
3140,SRV
3141,SGL
3143,PZC
3144,PYN
3145,PML
3146,PMF
3147,PCN
3148,OAKS
3149,NUV
3150,NTC
3151,NSL
3152,NIO
3153,NCA
3154,KAP
3156,HPF
3158,FPT
3159,FOF
3160,FMN
3161,FISH
3162,FHY
3163,FGL
3164,FFC
3165,FCB
3166,FAM
3167,WHF
3168,VGI
3169,TSLF
3170,PNF
3171,PHD
3172,NYV
3173,NUM
3175,NOMD
3176,NOM
3179,JPC
3180,JMM
3181,HPS
3184,GHI
3186,FMY
3187,FLC
3189,VGM
3190,THW
3191,SZC
3193,SMM
3194,RQI
3195,PJS
3196,PFN
3199,CIF
3200,CEN
3201,TLI
3203,PCQ
3204,NNY
3205,NMI
3206,KIO
3207,JRO
3208,JHY
3212,FMSA
3213,CSI
3216,WAFDW
3220,PNI
3221,PCM
3223,NMS
3225,JGH
3226,IIF
3227,GIM
3229,RIV
3230,PMX
3232,JMT
3233,JLS
3236,FLOW
3237,FCT
3239,TWN
3241,NTX
3242,NPT
3246,FSB
3247,WTFCW
3250,CLA
3258,NIM
3270,GILD
3271,GS
3272,MRVL
3273,VOD
3274,PCLN
3275,GSK
3276,GIS
3277,GPS
3278,UNH
3280,GRPN
3281,GPRO
3282,GRMN
3283,TROW
3284,HTZ
3285,Z
3286,GG
3287,KNDI
3288,IGT
3289,XL
3290,SPG
3291,JOY
3292,LG
3293,IT
3294,GWW
3295,RGLD
3296,VGR
3297,GPRE
3298,OMC
3299,GLBL
3300,MLNK
3301,GOV
3302,GGG
3303,RDN
3304,MEG
3305,ING
3306,GES
3307,GEO
3308,GOLD
3309,GGP
3310,JCOM
3311,HCSG
3312,OGS
3313,GLUU
3314,MYGN
3315,LBTYA
3316,UNM
3317,TGI
3318,SA
3320,GPN
3321,TAL
3322,GWR
3323,GBL
3324,G
3325,ULTI
3326,MOV
3327,MG
3328,GOGO
3329,GNC
3330,GCO
3331,IHG
3332,HRG
3333,GEF
3334,TDG
3335,SGU
3336,HSON
3337,SGEN
3338,PGEM
3339,NGG
3340,KRG
3342,HCI
3343,GLNG
3345,WHG
3346,TPH
3347,THRM
3348,SNR
3349,MDU
3350,GWRE
3351,GTN
3353,GNRC
3354,GAME
3355,WTM
3356,WMGI
3357,THG
3358,PENN
3360,GRUB
3361,GLP
3362,SIGI
3363,RUTH
3364,LUX
3365,JMP
3366,GSL
3367,GLOG
3370,QVCA
3371,NSH
3372,LBTYK
3373,ITG
3375,GGB
3376,WPG
3377,WG
3378,WES
3379,VNET
3380,PAGP
3381,NEWM
3382,NAVG
3383,PRAA
3384,MRC
3385,KTWO
3388,GSI
3390,GMLP
3392,GHDX
3393,GFA
3394,VPG
3395,SERV
3396,ROCK
3397,RGT
3398,PRGX
3399,MOLG
3401,HUBG
3402,GSIT
3404,XOXO
3405,THR
3406,NWLI
3407,KANG
3408,HCKT
3409,GMED
3410,GLOP
3411,GLOB
3412,GLF
3413,GDDY
3414,GB
3415,TNET
3416,TGH
3417,ORN
3418,OB
3419,GUT
3420,GRFS
3421,WEB
3422,NAME
3423,MYRG
3424,MTCH
3426,MIG
3427,LHCG
3428,GK
3429,GGT
3430,GBLI
3431,WEYS
3433,ISP
3436,GNL
3437,NGS
3439,IND
3440,IGLD
3441,GURE
3442,GPT
3443,GNK
3444,SBGL
3446,GNT
3448,GEN
3449,GASS
3450,CIGI
3451,ZAYO
3454,SAFT
3457,GTT
3458,GSH
3460,GNRT
3464,HURN
3466,GRX
3467,ZG
3470,PGRE
3472,OSG
3474,MGF
3476,JRVR
3479,GRAM
3482,GSJ
3484,GMRE
3486,CXH
3487,SRG
3496,HPQ
3497,OPK
3498,HON
3499,SIRI
3500,VIPS
3501,HOT
3502,HCN
3503,POST
3504,HCP
3505,HP
3506,HOG
3507,HUM
3508,HAS
3509,KBH
3510,HAR
3511,PYPL
3512,HW
3513,MHLD
3514,LL
3515,HSIC
3516,RHI
3517,OHI
3518,KORS
3519,HLF
3520,RHT
3521,HA
3522,RH
3523,HSBC
3524,USNA
3526,HR
3527,HZNP
3528,HST
3529,HCA
3530,WGL
3531,Q
3532,WIN
3533,WCG
3534,HLT
3535,SFUN
3536,HIMX
3537,HCLP
3538,SNH
3539,MOH
3540,HOLX
3541,HPT
3542,HBI
3543,SLCA
3544,NIHD
3545,HWKN
3546,HYH
3547,HOS
3548,HDS
3549,SSNC
3550,RNR
3551,LDOS
3552,RYAAY
3553,HTH
3555,HSII
3556,LQ
3557,JHX
3558,ST
3559,NM
3560,NHI
3561,JHI
3563,NSM
3564,MLHR
3565,KND
3566,ITUB
3567,HZO
3569,UVE
3570,RHP
3571,PRO
3572,PICO
3573,MHO
3575,HSTM
3576,HIBB
3577,TYPE
3578,MKTX
3580,JBHT
3581,HPP
3582,HNR
3583,TRQ
3584,SLGN
3585,ONE
3586,NOAH
3587,NMR
3588,NLSN
3589,INOV
3590,HNP
3591,HLIT
3592,HIL
3593,HI
3595,UHS
3596,TTS
3597,TMH
3598,SNOW
3599,RMAX
3600,MTSI
3601,MDC
3602,LHO
3603,LGIH
3604,KW
3605,HII
3606,VR
3607,LXFT
3608,KOP
3609,JMEI
3611,IL
3613,HMST
3614,HIW
3615,HGT
3616,HF
3617,OPY
3618,IPHS
3619,INXN
3620,INN
3622,HT
3623,HHS
3624,HELE
3625,HDP
3626,MGLN
3627,LXFR
3628,HRC
3629,HALO
3630,UHT
3631,TTEC
3632,PEB
3633,IMS
3634,HUBS
3635,SPOK
3636,LPNT
3637,INCR
3638,HCOM
3639,HAYN
3640,XHR
3641,WLH
3642,SPWH
3643,QTWO
3644,PHT
3645,LITE
3646,LEJU
3647,HY
3648,HQH
3649,SHO
3650,HQY
3651,HLI
3652,SPLP
3653,KEN
3655,HRTG
3656,HQL
3657,HIFR
3659,TSC
3661,PRAH
3662,NVGS
3663,LTRPA
3664,JP
3665,HUBB
3666,HCHC
3667,ZINC
3669,SHLDW
3670,NWHM
3671,JHS
3673,HMLP
3674,HCM
3675,CHCT
3676,HVB
3679,OMF
3680,MHI
3682,HDNG
3683,HBM
3684,CMU
3685,VLT
3690,SPNE
3716,TSLA
3718,WMT
3719,SUNE
3720,VRX
3721,NFLX
3722,PFE
3723,NKE
3724,QCOM
3725,PEP
3726,MU
3727,TWTR
3728,PM
3729,V
3730,REGN
3731,TWX
3732,KMI
3733,UPS
3734,TXN
3735,M
3736,MET
3737,MAT
3739,INO
3740,MAR
3741,MA
3742,VRTX
3743,P
3744,ZNGA
3746,ROST
3747,MDLZ
3748,JNPR
3749,TMUS
3750,SWKS
3751,NOV
3752,ISRG
3754,SRCL
3755,TEVA
3756,PAYX
3757,MCHP
3758,XLNX
3759,MXIM
3760,MSI
3762,WTW
3763,URBN
3764,SKX
3765,NTAP
3766,SHAK
3767,INTU
3768,ILMN
3769,PPG
3770,VMW
3771,PCAR
3772,VTR
3773,TER
3774,SRPT
3776,ICPT
3777,YELP
3778,WM
3779,SOHU
3780,NTES
3781,TERP
3783,JWN
3784,ITW
3785,YY
3786,VRSN
3787,VVUS
3788,SWIR
3789,MGM
3790,JD
3791,WSO
3792,TRN
3793,NDAQ
3794,NVAX
3795,NI
3796,MLM
3797,VIAB
3798,R
3799,PX
3801,INFY
3802,WDAY
3803,MXL
3804,RSG
3806,MDSO
3807,LEG
3808,URI
3809,TRIP
3810,NBR
3811,IR
3812,WFT
3813,TSS
3814,PHM
3815,WUBA
3816,PSTG
3817,MAN
3818,LTC
3819,WPRT
3820,VIA
3821,SNA
3822,RYN
3823,RMBS
3824,RCII
3826,NYMT
3827,JUNO
3828,IRM
3829,SQ
3830,LM
3832,ZTS
3833,WSM
3834,RES
3835,PTCT
3836,PII
3837,OKE
3838,OAS
3839,VAR
3840,TDW
3841,SYNA
3842,STWD
3843,PWR
3844,IM
3845,IDXX
3846,XPO
3847,PTLA
3848,PCRX
3850,NNN
3851,MUSA
3852,IVZ
3853,WGO
3854,TIVO
3855,STAG
3856,SNPS
3857,RPM
3858,OMI
3859,WST
3860,SVU
3861,SPPI
3862,QSII
3863,OI
3864,MHK
3865,JLL
3868,RENN
3869,PZZA
3870,TXT
3871,STMP
3872,RARE
3873,OII
3874,NWL
3875,LYB
3876,TFX
3877,SNI
3878,RT
3879,LII
3880,IDCC
3881,TAHO
3882,SPLK
3883,SIR
3885,QRVO
3886,PKI
3887,PAY
3888,OCLR
3890,NQ
3891,KBR
3892,ZUMZ
3893,YRCW
3894,WWD
3895,VSLR
3896,VRNT
3897,SAAS
3898,RRTS
3901,NOW
3902,MMSI
3903,MMS
3904,INFI
3905,IMGN
3906,ZU
3907,WAGE
3908,VNTV
3909,TWI
3910,TTWO
3911,TTEK
3912,TGNA
3914,SUP
3917,OUTR
3918,MTZ
3919,MSCI
3920,MPW
3921,MELI
3922,MDR
3923,LSTR
3924,LAD
3925,VMI
3926,UBNT
3927,TUBE
3928,TDY
3929,SKYW
3930,SKUL
3931,SIEN
3932,ROL
3933,RAVN
3934,PRLB
3935,PMT
3936,PLD
3937,ONCE
3938,NTGR
3939,MUX
3940,LLNW
3941,I
3942,YUME
3943,WRES
3944,VER
3945,TYL
3946,TBI
3948,SONS
3949,SNCR
3950,SGYP
3951,SFLY
3952,REV
3954,NXRT
3955,N
3956,MGPI
3957,MCRB
3958,JAKK
3959,ITRI
3960,IIIN
3961,ZEUS
3962,XYL
3963,UDR
3964,TXRH
3965,TTPH
3966,TSLX
3967,TR
3968,PIR
3969,MTN
3970,KITE
3971,INGR
3973,TPX
3974,TILE
3975,THO
3977,SODA
3978,SHLO
3979,SDT
3980,RWT
3981,REIS
3982,PLAB
3983,OXM
3984,OREX
3985,ORBC
3986,NTCT
3987,MWA
3988,MSTR
3989,MPWR
3990,MMI
3991,LXU
3992,KRO
3993,JOBS
3995,IPXL
3996,ZOES
3997,ZFGN
3998,WWW
3999,WTI
4000,WSBC
4001,WRI
4002,VEEV
4003,UFI
4004,TSYS
4006,TREE
4008,SWM
4009,STNG
4010,SPAR
4011,RTIX
4012,RMD
4013,PTC
4014,PRFT
4016,OMCL
4017,OIIM
4018,NXTM
4019,NVR
4020,NUVA
4022,NR
4023,LYTS
4024,LXRX
4025,LPSN
4026,KEYS
4027,IRWD
4028,IPI
4030,WMK
4031,WEX
4032,W
4033,TZOO
4034,SEAC
4036,SCHN
4037,RP
4038,ROP
4039,RNG
4040,PNM
4041,PGNX
4042,OSIS
4043,OMN
4044,MYE
4045,MTX
4046,MTEX
4047,MGA
4048,LDR
4049,KNX
4050,JOUT
4051,XBIT
4052,WING
4053,VEC
4056,SEDG
4057,QUAD
4058,QNST
4059,PSMT
4060,PRI
4061,NP
4062,NNI
4063,NL
4064,MTD
4065,MIND
4066,MGI
4067,MATX
4068,LOGM
4069,LOCK
4070,LNCE
4071,KNL
4072,KELYA
4073,INSM
4074,ZAGG
4076,XRM
4077,WTS
4079,VSAR
4080,VRTS
4081,TTI
4082,TIER
4083,TI
4084,TEN
4085,TAX
4086,SSTK
4087,SSI
4088,SRI
4089,SDR
4090,SAIA
4092,QLYS
4093,PTIE
4096,OIS
4097,NYLD
4098,NLS
4099,MXWL
4100,MRCY
4101,MORN
4102,MNTA
4104,MERC
4105,LZB
4106,LPI
4107,KVHI
4108,IONS
4109,IMPV
4110,IMKTA
4111,IHS
4112,ICFI
4113,WOR
4114,VSAT
4116,TRK
4117,TOWR
4118,TNAV
4119,TDOC
4120,SYNT
4121,STRS
4122,SRT
4123,SREV
4124,SRDX
4125,RUBI
4126,RST
4127,REXR
4128,QTS
4130,PN
4131,PLT
4132,ORA
4133,NK
4135,MTOR
4136,MLAB
4138,MINI
4139,MD
4140,LDL
4141,IIVI
4142,USPH
4143,UEPS
4144,TRUE
4145,TRGT
4148,TEDU
4149,STKL
4150,SHOR
4151,SCS
4152,RSPP
4153,RIGL
4154,RIC
4156,PPT
4157,POWL
4158,PDFS
4159,PAYC
4160,OLP
4161,NXP
4162,NTRI
4163,NTL
4164,NPK
4166,NC
4167,NANO
4168,MDLY
4169,MBI
4170,KPTI
4171,KFY
4172,KAI
4173,ITCI
4174,IRS
4175,IDA
4176,ICUI
4177,ZEN
4178,WCC
4179,VSI
4180,VIAV
4181,VASC
4182,JNJ
4183,SIG
4184,SJI
4187,IIJI
4188,JCAP
4192,JNP
4200,KEY
4202,KNOP
4204,KIRK
4205,KMT
4206,LRN
4209,KRA
4210,KFRC
4211,KURA
4212,KLXI
4214,KWR
4226,WYNN
4227,SLB
4228,RIG
4229,SDRL
4230,VNR
4231,TSL
4233,VIP
4234,SSYS
4236,TTM
4237,MMP
4238,RLJ
4239,WPZ
4240,TROX
4241,SOL
4242,MLNX
4243,MEMP
4244,SUN
4245,STON
4246,SPH
4247,LGCY
4248,TOO
4249,TNK
4250,TGP
4251,SMLP
4252,SDLP
4254,NMM
4255,MPLX
4257,WIT
4259,RDWR
4260,LXP
4261,TPL
4263,WIX
4264,TLP
4265,SRLP
4266,NRP
4267,NCTY
4268,WNS
4269,TSEM
4270,SHOO
4271,PSXP
4272,MMLP
4273,LPT
4274,LAZ
4275,YRD
4278,NICE
4280,TVPT
4281,TRMB
4282,TPRE
4283,SILC
4284,NVCR
4285,MRTN
4287,TCP
4288,ORBK
4290,LVNTA
4291,LOGI
4293,LAWS
4294,WBAI
4295,SLAB
4296,SHLX
4298,LFUS
4300,RMP
4304,MMYT
4305,LUB
4306,XNET
4307,TARO
4309,SEMI
4310,WMLP
4311,MOBI
4312,LQDT
4319,NAP
4321,CCLP
4322,CAPL
4329,USDP
4330,PBFX
4332,OCIP
4333,NVMI
4334,MIME
4335,MESO
4336,LIVN
4344,CINR
4348,MDT
4349,MS
4350,MYL
4353,MSB
4354,MANU
4355,MBT
4356,PIM
4357,MLR
4358,TITN
4359,SMP
4360,MODN
4361,MMT
4362,MED
4363,UTMD
4364,MSA
4365,MLI
4368,MVO
4369,MOMO
4370,MN
4371,MGRC
4372,MGNX
4373,MDCA
4374,MARPS
4375,PZN
4376,MYOK
4377,MTR
4378,MTLS
4379,MSGN
4380,MRIN
4381,MKSI
4382,VMO
4383,SUM
4384,SMRT
4385,RMT
4386,MOBL
4387,MIN
4388,MFM
4390,IIM
4391,ICB
4392,PMO
4393,MORE
4395,MCHX
4396,IQI
4397,VKQ
4398,OIA
4400,MITL
4401,VLGEA
4402,TSQ
4403,OUT
4407,VPV
4408,NHA
4409,MFV
4410,MCR
4414,PMM
4415,CBO
4416,VCV
4417,INFO
4421,MCQ
4424,NXPI
4426,UN
4427,NKTR
4429,STM
4430,SNN
4433,NSP
4434,NSSC
4435,NNBR
4436,NTRA
4442,NYRT
4443,NXN
4444,NXR
4445,NXQ
4446,NVTA
4447,NUTR
4448,NTP
4451,NXC
4453,OSB
4454,NEWR
4471,OSUR
4473,VSTO
4474,PDM
4475,OMED
4476,OTIC
4478,CABO
4480,OOMA
4482,OHAI
4498,PSX
4499,RIO
4500,PSA
4501,UL
4503,PNR
4504,PER
4505,SHPG
4506,PSO
4507,PUK
4508,STE
4509,QIWI
4512,UGP
4515,PJT
4516,POWI
4517,UMH
4518,PEGA
4520,IPAR
4521,RPT
4522,PVG
4523,PATK
4524,PHII
4525,SNDX
4526,PHIIK
4527,PEN
4530,PINC
4531,PGTI
4532,PCTI
4533,TSU
4534,SGRY
4536,PFX
4538,CXP
4543,PPR
4556,QEP
4557,QADA
4558,QUOT
4559,QADB
4562,VNO
4563,WSR
4564,SBR
4565,SALE
4566,RTEC
4567,TREC
4568,TCI
4570,RVT
4571,RUN
4572,RNWK
4574,RNET
4577,IRT
4578,RGNX
4590,SNY
4591,VALE
4592,SAP
4593,TEF
4595,TSE
4596,TS
4597,TX
4599,SCSC
4602,STAR
4603,SYX
4605,SFE
4606,STB
4607,SHOP
4608,ISSC
4610,VVR
4611,VRNS
4616,VCO
4620,SCM
4631,TWOU
4632,TRU
4633,TLGT
4634,TSRO
4636,VYGR
4637,VTL
4638,USAK
4639,TIME
4640,UTI
4641,TRVN
4642,TRIV
4643,TISI
4644,TTMI
4645,TLYS
4646,TESS
4647,CTMX
4653,INVA
4655,UNVR
4661,VECO
4662,VHI
4663,VSH
4672,WETF
4673,WK
4689,XOOM
4703,ACT
4750,AMRE
4762,APL
4764,ARN
4775,ATHL
4776,AVIV
4793,BIO-B
4811,CTLT
4852,CSWI
4872,CVD
4887,DRIV
4890,DUA
4893,EDS
4915,EXL
4934,MFIN
4958,GY
4977,IAC
4981,ICEL
4983,IMI
4984,IMPR
4986,IOSP
4987,IPAS
4990,IRE
4992,ITCB
4993,IVAC
4994,IVAN
4999,JPG
5008,LAS
5019,LO
5054,NU
5069,PEOP
5072,PETM
5087,PT
5102,RNE
5103,RNA
5104,ROC
5107,RTI
5122,SR
5128,TGE
5137,VIEW
5151,CODE
5156,INGN
5157,INWK
5158,INST
